"a1","d","g","u","definition"
2.24948089631439,-2.3309314863414,0,1,"a"
3.28016745731052,-4.41734251394288,0,1,"a lot"
3.12819456500997,-6.16574724914482,0,1,"about"
2.76974590426992,-5.34371505529819,0,1,"above"
3.8762426230819,-5.37118249602806,0,1,"after"
2.96702201876585,0.47863805716781,0,1,"airplane"
2.40324265325483,-2.23263330286289,0,1,"all"
2.14222879397016,0.762868025455071,0,1,"all gone"
3.21973892237636,-2.41124946345977,0,1,"alligator"
3.03282864203102,-4.16275566084523,0,1,"am"
2.71584065534292,-5.88787390885232,0,1,"an"
3.25166912265031,-3.47731087532635,0,1,"and"
3.05897051002799,-1.74718309360263,0,1,"animal"
2.71763985253758,-3.89634218552027,0,1,"ankle"
2.96491815547571,-3.60195685393195,0,1,"another"
2.53276202880187,-1.63215642522734,0,1,"ant"
3.52200880884842,-5.17460045954364,0,1,"any"
3.21854605729191,1.54987509685497,0,1,"apple"
2.58852641332659,-1.87378829633441,0,1,"applesauce"
3.28885639058993,-4.8355951430782,0,1,"are"
4.38384674548925,-0.731950198366085,0,1,"arm"
3.02383638608802,-4.39380080899474,0,1,"around"
3.29198668214356,-2.11741790400249,0,1,"asleep"
2.77804436784809,-3.50758461233626,0,1,"at"
2.21118576231193,-1.75242636977105,0,1,"aunt"
3.80000673553235,-3.25759017545054,0,1,"awake"
2.97692783340725,-3.05349371360575,0,1,"away"
1.17409178532792,0.903772775378721,0,1,"baa baa"
2.43469085027202,2.33337478715441,0,1,"baby"
2.40739731193403,-4.30834534693839,0,1,"babysitter"
1.29408336264195,-0.836968451287241,0,1,"babysitter's name"
2.68408150399209,-2.30992315828811,0,1,"back"
2.81890281138304,-2.83598329881809,0,1,"backyard"
2.15341079158776,-1.48053734844024,0,1,"bad"
3.08000936777966,4.47297855730558,0,1,"ball"
2.56187816126098,1.77780395923144,0,1,"balloon"
2.26158860388152,1.88864720146369,0,1,"banana"
1.73237096175731,-3.56964115353592,0,1,"basement"
3.66814110019043,-2.65433428973201,0,1,"basket"
2.07986856966245,-1.7141660084983,0,1,"bat"
2.80355892653153,1.45486040669633,0,1,"bath"
4.30716755204462,-1.91687649730872,0,1,"bathroom"
2.78970750228325,-0.454265419619815,0,1,"bathtub"
2.56215813541205,-4.10069084521822,0,1,"be"
2.34030799221926,-2.25346351769628,0,1,"beach"
1.85142123823417,-2.41566834303094,0,1,"beads"
2.45687974029712,-1.46953683295491,0,1,"beans"
2.48246194603774,0.815383323593245,0,1,"bear"
2.62937745198668,-4.29588009438605,0,1,"because"
4.33824117342127,0.142376710979788,0,1,"bed"
4.13713742630035,-3.02542539027553,0,1,"bedroom"
2.53199742775343,-0.0838034910233574,0,1,"bee"
3.84161392240635,-6.69340708306246,0,1,"before"
3.69578752919133,-4.91189816992113,0,1,"behind"
2.67525975441692,0.224348183336144,0,1,"belly button"
2.61531514903797,-2.21922790960367,0,1,"belt"
3.585149624602,-5.43517833687279,0,1,"bench"
2.78346541047691,-5.56358911584955,0,1,"beside"
3.42938073493904,-3.48381465312304,0,1,"better"
2.19017136956522,-0.916048783834897,0,1,"bib"
3.01620830709622,-0.359382759721411,0,1,"bicycle"
3.83527866722486,-0.990483727471857,0,1,"big"
2.50521910912874,1.78416540279951,0,1,"bird"
2.82036161505839,-0.53833712558804,0,1,"bite"
2.9704033982268,-2.55058805076519,0,1,"black"
3.26105471097403,0.286409902848631,0,1,"blanket"
2.60782585225952,-0.159323145852301,0,1,"block"
3.17396086527949,-1.59189049896325,0,1,"blow"
2.66217041731833,-0.943704022458767,0,1,"blue"
2.89522332385463,0.18868763167109,0,1,"boat"
2.88343825730463,2.5536696022033,0,1,"book"
2.57540262885048,-0.729106793814871,0,1,"boots"
1.63045282183585,0.805564690909137,0,1,"bottle"
3.23509330070804,-0.879248567258044,0,1,"bowl"
3.29578847564783,-0.708551933048253,0,1,"box"
2.94804062228911,-1.15544241102027,0,1,"boy"
3.33085531327436,-0.350502027391409,0,1,"bread"
3.978509289846,-2.60559263629686,0,1,"break"
3.52574061276133,-1.89152272075398,0,1,"breakfast"
3.66291164678412,-3.5161723913906,0,1,"bring"
3.79385578952936,-1.69567796912075,0,1,"broken"
2.72163032553584,-1.27146186529806,0,1,"broom"
1.34868542320073,-1.47130731506182,0,1,"brother"
2.85380859828784,-2.84249705431655,0,1,"brown"
3.12770610403097,-0.441524682081744,0,1,"brush"
2.61158426147606,1.305155897834,0,1,"bubbles"
3.31444142013453,-2.75575444475629,0,1,"bucket"
2.73927288293682,-0.222582881160941,0,1,"bug"
4.10967155901502,-4.26439923264268,0,1,"build"
2.55303445568739,-2.04558051581003,0,1,"bump"
2.74499582863831,0.234747325901247,0,1,"bunny"
2.77495738622237,-0.0111959581051408,0,1,"bus"
2.7408261252648,-5.20206234870982,0,1,"but"
3.11574172449855,-1.86903533161247,0,1,"butter"
3.20228515772518,-1.15481060445264,0,1,"butterfly"
3.0620585930607,-0.630843860718368,0,1,"buttocks/bottom*"
2.68916774363846,-0.493011983632209,0,1,"button"
3.30221111081389,-3.61980297579677,0,1,"buy"
2.60843821537964,-3.54643733307472,0,1,"by"
1.99934372561772,3.12753030286859,0,1,"bye"
3.53064832256184,-0.718281348592741,0,1,"cake"
2.34825774911101,-1.06759921725161,0,1,"call (on phone)"
3.82419866847523,-2.92754441191909,0,1,"camera"
2.23651744999179,-4.21709205713224,0,1,"camping"
3.51363520996001,-3.86872144209058,0,1,"can (auxiliary)"
3.04440188933142,-3.20192661206435,0,1,"can (object)"
2.6552850753698,-0.753842430027196,0,1,"candy"
3.05050528051783,1.92234344787325,0,1,"car"
3.82165695432765,-3.25806057179771,0,1,"careful"
3.9190105091339,-1.86803807336874,0,1,"carrots"
4.08865313484191,-3.09764520750591,0,1,"carry"
2.03844855666304,1.26853075567848,0,1,"cat"
3.70371139560895,-2.80567015301618,0,1,"catch"
3.12308626140679,-0.573621667281016,0,1,"cereal"
4.38385161674455,0.10668619829806,0,1,"chair"
2.44051128965738,-2.5176161174411,0,1,"chalk"
3.14953376094815,-3.63475350823446,0,1,"chase"
3.17991545135265,-1.32537476319461,0,1,"cheek"
1.96958483698838,-0.783903416379351,0,1,"cheerios"
2.88517430725357,1.45132525581297,0,1,"cheese"
3.21059382446074,-1.02544204183799,0,1,"chicken (animal)"
3.45490569050695,-1.00628534516464,0,1,"chicken (food)"
2.66404552101645,-4.52962913266196,0,1,"child"
2.39190730882575,0.489794246322268,0,1,"child's own name"
3.19853453421362,-1.5799560352202,0,1,"chin"
3.10950254429306,-2.12105941214836,0,1,"chocolate"
1.99572951299997,0.54891696681089,0,1,"choo choo"
1.81980717013331,-1.9311823655577,0,1,"church*"
2.54414920737847,-4.36275901496699,0,1,"circus"
3.10771395869956,-1.41779446062535,0,1,"clap"
4.21475289683648,-2.28071039136797,0,1,"clean (action)"
4.32678398487787,-2.14081682426325,0,1,"clean (description)"
4.52404336579647,-3.5372228497415,0,1,"climb"
2.39943284439483,-0.728122789119655,0,1,"clock"
3.372616073721,-1.92103076025133,0,1,"close"
4.79931739704797,-4.14059111147997,0,1,"closet"
3.22335071352525,-2.386705252788,0,1,"cloud"
2.54112269937784,-2.65561048279861,0,1,"clown"
2.69919386248421,-0.800191719569256,0,1,"coat"
1.65812795511429,-1.11678900426689,0,1,"cockadoodledoo"
2.72075780294065,-1.81865312766019,0,1,"coffee"
1.42796389375917,-1.94725838355527,0,1,"coke"
3.447237801156,-0.112685839669203,0,1,"cold"
2.91789729003195,-1.90100042469664,0,1,"comb"
3.58342036089485,-2.48722156480441,0,1,"cook"
2.91411122533184,1.56198847916109,0,1,"cookie"
3.48526409468342,-1.78386821160832,0,1,"corn"
3.77251739353663,-2.21765464763387,0,1,"couch"
3.15915536258996,-6.19115865815262,0,1,"could"
3.10429461169033,-6.91311030617615,0,1,"country"
4.11636564576221,-4.70640348382119,0,1,"cover"
3.05218511261442,0.506054822527699,0,1,"cow"
2.7416561787312,-4.42770586150046,0,1,"cowboy"
2.53330904580125,0.881972240439526,0,1,"cracker"
3.53889434823058,-1.25261321837205,0,1,"crayon"
3.08344337446744,-2.41574590473406,0,1,"crib"
4.08067718199722,-1.67442507026157,0,1,"cry"
3.38116151006306,0.828455546298646,0,1,"cup"
3.91894223823535,-3.63741477463259,0,1,"cut"
2.48966989579203,-2.54578408426373,0,1,"cute"
3.37887651745626,-1.38902994252907,0,1,"dance"
3.38312006637354,-2.75976143022791,0,1,"dark"
3.08246498611714,-3.75939428213643,0,1,"day"
2.1313447554476,-1.91667464705245,0,1,"deer"
3.0007947902368,0.894765760057987,0,1,"diaper"
2.84553703147044,-3.4082842538527,0,1,"did/did ya"
3.61289752835996,-2.08244633941859,0,1,"dinner"
3.37821204067991,-0.743411377710661,0,1,"dirty"
2.98247923419851,-2.89886352998238,0,1,"dish"
2.5184786063782,-1.60306048401627,0,1,"do"
3.48166197811057,-2.19871478980851,0,1,"doctor"
3.32590113455806,-5.50148123291908,0,1,"does"
1.92980134158644,2.49648197137118,0,1,"dog"
2.10406915883089,-0.299698037471728,0,1,"doll"
1.94521447349548,-1.61157026168993,0,1,"don't"
2.07649154151877,-2.52242319567948,0,1,"donkey"
2.15658885073007,-2.03806540632415,0,1,"donut"
3.3625312326914,0.517479103767052,0,1,"door"
2.2156776074616,0.456570002075794,0,1,"down"
2.24899006319338,-4.60942605517767,0,1,"downtown"
3.48456786964143,-2.68069563480629,0,1,"draw"
3.66241603325233,-3.8497057179728,0,1,"drawer"
2.95614306802277,-2.16586431793443,0,1,"dress (object)"
3.05038951423441,-0.152828187021996,0,1,"drink (action)"
2.47929589200738,-0.0254450750475757,0,1,"drink (beverage)"
4.29123496184216,-2.93173934987646,0,1,"drive"
4.41468925302516,-3.64800991708911,0,1,"drop"
4.19739092748724,-3.82399970735326,0,1,"dry (action)"
3.89358417499537,-3.28863349393834,0,1,"dry (description)"
3.90982360900059,-4.43871162806806,0,1,"dryer"
2.27147451418797,1.66108065275827,0,1,"duck"
2.80487480016171,-3.89121443944739,0,1,"dump"
3.13991752310675,-6.77282542158818,0,1,"each"
3.67242021763963,1.69394334748859,0,1,"ear"
3.46135664217779,0.43556423522259,0,1,"eat"
3.12458949754234,-0.596755718495476,0,1,"egg"
3.49121248842994,-1.02698349884635,0,1,"elephant"
2.92730832656884,-2.63640472568042,0,1,"empty"
3.4077821527005,-6.11998153229129,0,1,"every"
3.30543024250857,2.26181066408505,0,1,"eye"
3.91977289689666,-1.83262189949882,0,1,"face"
4.42111537250945,-1.88992444969304,0,1,"fall"
2.93016781460343,-3.39415280135004,0,1,"farm"
4.13149339301807,-3.3676283421919,0,1,"fast"
4.35960417031062,-4.14956959163994,0,1,"feed"
5.13599954097998,-4.01562246064384,0,1,"find"
3.0200753446621,-4.65879509465455,0,1,"fine"
4.31119525017377,-0.734553061533913,0,1,"finger"
3.13101394971397,-3.68166336044405,0,1,"finish"
3.44764052052823,-4.03347562340594,0,1,"fireman"
2.97464034479452,-1.70447424211029,0,1,"firetruck"
3.74100088167064,-4.59922453515366,0,1,"first"
2.84198476525733,1.09590690834099,0,1,"fish (animal)"
2.28785365111128,-0.478119551766161,0,1,"fish (food)"
4.20423732354594,-5.30488705977026,0,1,"fit"
4.22181749254127,-2.90046102498933,0,1,"fix"
2.70581731649507,-2.41515294453866,0,1,"flag"
3.50740583003782,0.349440466728986,0,1,"flower"
2.90797824378135,-1.21123014826913,0,1,"food"
3.85233695880465,0.0997839044452646,0,1,"foot"
3.75542300608795,-4.88103595019996,0,1,"for"
4.2953577981417,-0.833414378799719,0,1,"fork"
2.75048004470498,-0.896909087934285,0,1,"french fries"
3.49291744772637,-3.35101677682598,0,1,"friend"
3.46254660828832,-0.679288213295571,0,1,"frog"
3.9025643082238,-3.92761763950886,0,1,"full"
3.42808978958559,-2.97712491463514,0,1,"game"
3.30693602354694,-3.12311092750265,0,1,"garage"
2.48252739839353,-2.15704940037935,0,1,"garbage"
3.32635347734818,-4.19833487908948,0,1,"garden"
3.38595460497909,-4.33609749309729,0,1,"gas station"
2.29553007756073,-2.58702656312966,0,1,"gentle"
3.38467314218547,-1.7387925383063,0,1,"get"
2.70020504859938,-1.50697558827708,0,1,"giraffe"
2.78467122561513,-1.39747385274426,0,1,"girl"
3.87825815306066,-3.1334882912158,0,1,"give"
1.73182337575006,-1.25161695671847,0,1,"give me five!"
3.19368843559028,-2.47277199146788,0,1,"glass"
3.19457387519082,-1.20376022043214,0,1,"glasses"
2.78286889549873,-2.8957810477528,0,1,"gloves"
2.76299389952455,-3.87445607448656,0,1,"glue"
2.42311064878252,0.603934068025271,0,1,"go"
2.91710273191045,-0.846367892029249,0,1,"go potty"
2.44184239525436,-1.51940683332169,0,1,"gonna get you!"
3.08539758817663,-3.49056193969716,0,1,"gonna/going to"
2.63001342446328,-1.25006451834588,0,1,"good"
2.19624211990976,-2.25999448934068,0,1,"goose"
2.65257651061593,-4.37983463440245,0,1,"gotta/got to"
2.10978128180351,1.2925900407412,0,1,"grandma*"
1.87163215608835,0.745235089384761,0,1,"grandpa*"
3.35158115620972,-0.621233108855686,0,1,"grapes"
3.94366088561066,-1.6629392029996,0,1,"grass"
2.88888005437083,-1.69345787853386,0,1,"green"
2.3619855301681,-2.50389240576795,0,1,"green beans"
1.08608648478052,0.976456706120146,0,1,"grrr"
1.78091741189859,-1.92863013514391,0,1,"gum"
3.49815135973229,-4.87218712768056,0,1,"hafta/have to"
4.08791461766432,0.948308278171603,0,1,"hair"
3.0274930822368,-2.02930557007126,0,1,"hamburger"
2.94899363827112,-2.39265340977141,0,1,"hammer"
4.49309502102925,-0.159682809214216,0,1,"hand"
2.85734293050648,-1.53297117682592,0,1,"happy"
4.4889409656624,-4.96736993433022,0,1,"hard"
3.14850458525901,1.36758079465969,0,1,"hat"
2.28570931016837,-4.93892639520325,0,1,"hate"
4.58049570169492,-3.84770690504848,0,1,"have"
3.26020904702378,-3.92099630067102,0,1,"he"
4.13734518514984,-0.425290229909405,0,1,"head"
4.48296590135525,-4.35214626310335,0,1,"hear"
4.21828427530983,-2.84203615781688,0,1,"heavy"
2.72810031039679,-1.86238941683995,0,1,"helicopter"
1.41165277251275,0.353864921088356,0,1,"hello"
3.35532948828165,-1.07140662382912,0,1,"help"
2.18323435076436,-3.27278534609865,0,1,"hen"
3.52654065919841,-5.01558325215246,0,1,"her"
3.01409322825184,-2.05170189372699,0,1,"here"
3.25769218738909,-5.49698933079554,0,1,"hers"
1.44836308819572,1.84486084477143,0,1,"hi"
3.86768479765146,-2.89630728483025,0,1,"hide"
3.69357225327699,-3.41894572698285,0,1,"high"
2.66216866783236,-2.03128105117251,0,1,"high chair"
3.36492232940668,-4.96965015984732,0,1,"him"
3.53499612237539,-5.4215633056087,0,1,"his"
3.88453706041496,-2.35155542499527,0,1,"hit"
4.23669865922583,-2.95702841809595,0,1,"hold"
3.33947210119932,-0.490670419066491,0,1,"home"
3.34073659850501,0.316019227238098,0,1,"horse"
2.89844604089532,-2.98526559432182,0,1,"hose"
2.23175633045258,1.32001199882279,0,1,"hot"
3.30737067155741,-1.02602429686739,0,1,"house"
2.8703287302086,-4.31578286411215,0,1,"how"
3.54876278733173,-0.558294513079691,0,1,"hug"
3.49331349302928,-1.96123766780228,0,1,"hungry"
3.35598107475507,-3.51785489651274,0,1,"hurry"
3.56024862677749,-2.17134072011745,0,1,"hurt"
2.10650365677839,-1.11000732605168,0,1,"I"
2.47314337735163,-0.734093937476092,0,1,"ice"
3.63247351146769,-0.606994658459351,0,1,"ice cream"
3.11655345415117,-6.53674716051265,0,1,"if"
3.06388258600686,-1.49049598527878,0,1,"inside/in"
3.24992246268505,-5.74509912303574,0,1,"into"
2.89807110927902,-3.50104985773429,0,1,"is"
2.37100195874504,-2.04763837134794,0,1,"it"
2.86545180018147,-1.38991343208434,0,1,"jacket"
1.51950533882516,-1.84462814705023,0,1,"jar"
2.79055186153986,-3.0934492227368,0,1,"jeans"
2.1807717321606,-2.63282471847902,0,1,"jello"
3.12589929193465,-2.88413145375854,0,1,"jelly"
2.41420075321358,1.50804504151965,0,1,"juice"
3.8688435199767,-1.40453984360095,0,1,"jump"
1.72959238724129,0.0763074716976851,0,1,"keys"
3.3493774003463,-1.93277715201415,0,1,"kick"
3.41665180802559,-0.169226907577936,0,1,"kiss"
4.92816341169345,-2.54144618739438,0,1,"kitchen"
1.72227661925282,1.0442229814777,0,1,"kitty"
3.05532026797629,-0.851461326900955,0,1,"knee"
3.98304760934019,-2.82477622537867,0,1,"knife"
2.91920415688771,-2.28822644553951,0,1,"knock"
3.40861872746921,-3.54793526661322,0,1,"ladder"
2.72533200617887,-3.07534947677139,0,1,"lady"
2.53824864608803,-2.49011651822742,0,1,"lamb"
2.93977404439796,-3.27926266471087,0,1,"lamp"
4.05276949034575,-6.69419114974022,0,1,"last"
3.1310200094068,-3.5174692298888,0,1,"later"
2.33870268507012,-2.28568368938283,0,1,"lawn mower"
4.85780545215562,-1.69286808180225,0,1,"leg"
2.57614236308471,-2.44538782038074,0,1,"lemme/let me"
3.84610599510277,-4.1743852734719,0,1,"lick"
2.71960087915675,0.378848986864175,0,1,"light"
4.56025192326667,-3.76245222210398,0,1,"like"
3.31302129826354,-1.11768250274876,0,1,"lion"
3.38246879765785,-2.46071572720983,0,1,"lips"
3.69391281625062,-4.23548198805963,0,1,"listen"
4.64823266299825,-3.4359468343391,0,1,"little (description)"
3.80513657098357,-4.11230750617514,0,1,"living room"
1.99925170971288,-2.21020464475472,0,1,"lollipop"
4.53922943241098,-6.44426137082587,0,1,"long"
2.98700015840253,-1.4919760209916,0,1,"look"
3.84822918641019,-3.53579485403075,0,1,"loud"
2.70295598432036,-0.931128045938046,0,1,"love"
3.77392667474744,-2.15873795990943,0,1,"lunch"
3.20182465506499,-3.87575171870461,0,1,"mad"
2.83823629177957,-3.57050069113807,0,1,"mailman"
4.99525658401947,-4.79002320047822,0,1,"make"
2.78326749397584,-2.03744850008659,0,1,"man"
2.01154645388552,-0.36657081207206,0,1,"me"
2.44964612806409,-2.04025315049773,0,1,"meat"
3.55050481235189,-1.97518253103712,0,1,"medicine"
2.3341313918476,-2.64883750079532,0,1,"melon"
2.01235587636122,1.61733691643734,0,1,"meow"
2.84066822745157,1.40815612423545,0,1,"milk"
2.04110307721588,0.317221273265414,0,1,"mine"
2.36535676966707,-2.62152431553438,0,1,"mittens"
1.84321156472985,4.13065536137293,0,1,"mommy*"
3.03815697328682,-1.26791662094236,0,1,"money"
3.58899931573151,-0.327662055611358,0,1,"monkey"
1.86794911379938,1.70440203085276,0,1,"moo"
2.43096010317082,0.0890519769454942,0,1,"moon"
1.94081345192642,-2.6322322759546,0,1,"moose"
2.42360678483376,-3.29693229921521,0,1,"mop"
2.00060348773046,0.429594990265995,0,1,"more"
3.23101114984049,-3.14023126171784,0,1,"morning"
2.84727115088021,-2.12216830397078,0,1,"motorcycle"
3.28063671440781,-1.12889710722033,0,1,"mouse"
3.62208437708307,0.452319347479294,0,1,"mouth"
2.60570635486234,-2.7465144231482,0,1,"movie"
3.0947361380758,-5.038490706506,0,1,"much"
2.88798939700936,-2.5036362335616,0,1,"muffin"
2.18666468269815,-1.37970017698222,0,1,"my"
2.79644034537492,-4.4843455293288,0,1,"myself"
3.03828530640612,-3.60267019252823,0,1,"nail"
3.7817147822741,-1.04607398896558,0,1,"nap"
3.55677508809265,-2.26609165728622,0,1,"napkin"
1.85144257956884,-3.48845517077044,0,1,"naughty"
3.01823477966251,-2.29392117918857,0,1,"necklace"
3.09650570473598,-3.6448237223801,0,1,"need/need to"
3.94204314694444,-4.59126988119048,0,1,"new"
3.70586241010977,-5.93228490485247,0,1,"next to"
2.43148602188711,-1.71122401448105,0,1,"nice"
2.58812371737813,-1.53588419348718,0,1,"night"
2.03079158648027,1.23969786802887,0,1,"night night"
2.09541713114798,2.56698981719664,0,1,"no"
3.10931687354552,-3.72560577743365,0,1,"noisy"
2.36558316792289,-3.84768155306522,0,1,"none"
2.74842909903077,-1.33209209811985,0,1,"noodles"
3.41353961208954,2.1840987204294,0,1,"nose"
3.01637747896789,-3.43260787438908,0,1,"not"
2.79318096434501,-2.2056203169804,0,1,"now"
2.95184074435291,-5.20306723550295,0,1,"nurse"
2.76902094930039,-2.93814686814678,0,1,"nuts"
3.30258555803225,-5.86713422550584,0,1,"of"
2.80207765888034,-0.32228017025366,0,1,"off"
3.5901909911262,-4.93238481345967,0,1,"old"
2.92383858839404,-0.44542934196851,0,1,"on"
3.51912548195134,-4.66827273807619,0,1,"on top of"
3.56356815632684,-0.552635765718792,0,1,"open"
2.81304979373856,-1.61626539389572,0,1,"orange (description)"
3.57114386913125,-1.0952210643866,0,1,"orange (food)"
3.08663059411797,-4.05284428249925,0,1,"other"
1.71990982821736,1.05708628676937,0,1,"ouch"
3.35335572850091,-5.78116917202,0,1,"our"
2.24020823752958,-0.374563456241369,0,1,"out"
2.60463799427704,0.43573488585642,0,1,"outside"
3.68822155456905,-3.50804548224087,0,1,"oven"
3.59953575346403,-3.80084248064581,0,1,"over"
2.02703881810674,0.609744348930898,0,1,"owie/boo boo"
2.21844257660053,-0.987369910086876,0,1,"owl"
3.5356997684136,-3.14193802571701,0,1,"paint"
3.81879080527691,-1.49761408512195,0,1,"pajamas"
3.04955040771537,-1.70052835115471,0,1,"pancake"
4.24481373294439,-0.953807518365589,0,1,"pants"
4.18484480075217,-1.21485448894214,0,1,"paper"
2.98041777484199,-1.13584894007366,0,1,"park"
3.97458001845094,-3.39570774456869,0,1,"party"
1.93888615889766,-1.39539607837531,0,1,"pattycake"
3.06062391718039,-1.88664867814685,0,1,"peanut butter"
2.25644380211064,-1.2514215401104,0,1,"peas"
2.01639576477824,0.652734438957584,0,1,"peekaboo"
2.78238021607874,-1.33974084008863,0,1,"pen"
3.22380751017946,-2.31159186855493,0,1,"pencil"
2.65447039022351,-2.59591915018837,0,1,"penguin"
1.29850852889561,-1.35393201832013,0,1,"penis*"
2.57468263091789,-2.56643261122327,0,1,"penny"
3.15070333642466,-3.11084514136158,0,1,"people"
3.0814457165861,-5.5097411162808,0,1,"person"
1.10088097826009,-0.0461638374983095,0,1,"pet's name"
4.2173465214005,-4.93228068012505,0,1,"pick"
2.36812927396057,-2.06537478127726,0,1,"pickle"
3.4129572102474,-4.32191976313344,0,1,"picnic"
4.49896712315077,-2.33624098594355,0,1,"picture"
3.54093340973736,0.0984164298701906,0,1,"pig"
4.08670089649331,-0.961911890407573,0,1,"pillow"
3.49533500641477,-0.381188364402429,0,1,"pizza"
3.11220754773581,-2.80434605836413,0,1,"plant"
4.18416391396343,-2.16332095813163,0,1,"plate"
4.18961333702845,-1.32271205850569,0,1,"play"
2.44089251402891,-2.44393312459872,0,1,"play dough"
2.22242600958455,-4.23107731822855,0,1,"play pen"
2.81462819222488,-3.15884977632324,0,1,"playground"
2.85082396747127,1.02972630474563,0,1,"please"
2.96959388437521,-3.9164181337099,0,1,"police"
2.2425336068835,-2.57133081749072,0,1,"pony"
2.53839947674386,-1.10426224058153,0,1,"pool"
2.77280222977323,-5.43021800489406,0,1,"poor"
2.5213739825251,-1.28313371515966,0,1,"popcorn"
2.29463249016345,-1.81274842367925,0,1,"popsicle"
2.79503492469185,-4.11763290404481,0,1,"porch"
2.89525995819629,-2.07374979640304,0,1,"potato"
2.60357114703943,-1.48776060415497,0,1,"potato chip"
3.19558031002582,-0.181408589255538,0,1,"potty"
4.03403399296812,-4.60310231983965,0,1,"pour"
4.21901994613691,-3.08152659457186,0,1,"present"
3.71390012144287,-5.67869015169461,0,1,"pretend"
2.24936665675714,-1.21610283351219,0,1,"pretty"
2.48588209533502,-2.07491465459148,0,1,"pretzel"
2.40067948676069,-3.17582506997706,0,1,"pudding"
3.46840111157933,-2.99292938466906,0,1,"pull"
2.93535239965557,-2.20825365592158,0,1,"pumpkin"
2.24600939879013,0.0976344666540086,0,1,"puppy"
2.72108230034019,-1.75402965817846,0,1,"purse"
3.32425125959566,-2.03132190644131,0,1,"push"
3.91522957371863,-3.77182815191531,0,1,"put"
3.61251700339986,-2.03589753342089,0,1,"puzzle"
1.80146660770001,1.10131950234986,0,1,"quack quack"
3.89378778432873,-3.70892645855308,0,1,"quiet"
2.82729632566304,-3.03171190811244,0,1,"radio"
4.28089551294414,-0.961172382167114,0,1,"rain"
2.86047723125433,-1.52474712422943,0,1,"raisin"
3.71136327392956,-1.01447908579628,0,1,"read"
2.96130508345759,-1.58785254513048,0,1,"red"
3.74198437094775,-3.02413710912265,0,1,"refrigerator"
4.27360309194705,-2.3042544048243,0,1,"ride"
3.21063436260056,-5.03178709238144,0,1,"rip"
3.16158259484642,-0.550949642237301,0,1,"rock"
3.00757561158208,-2.64235798518742,0,1,"rocking chair"
3.71504101897985,-4.82317866794921,0,1,"roof"
4.18188134424196,-2.64387160617642,0,1,"room"
2.6566732962372,-3.01036373805618,0,1,"rooster"
4.77731820887797,-2.25596702014825,0,1,"run"
3.74688962511119,-3.39335626298653,0,1,"sad"
2.84392857064929,-3.53616952666073,0,1,"salt"
3.20772429257726,-5.13237667297145,0,1,"same"
2.83252985690246,-3.00108586580582,0,1,"sandbox"
4.2845598528717,-2.69597699599068,0,1,"sandwich"
2.7249255881122,-3.11206855928534,0,1,"sauce"
3.45662745487313,-3.50307303717577,0,1,"say"
3.77849380211816,-3.61164773016432,0,1,"scared"
2.70086260967329,-4.4556239149729,0,1,"scarf"
2.86326786066164,-1.39047564460966,0,1,"school"
3.86789207509327,-3.14309980811519,0,1,"scissors"
2.54284011563807,-0.786444310963938,0,1,"see"
3.36634292086304,-3.43957765638947,0,1,"shake"
3.90117703574911,-3.55634553784214,0,1,"share"
3.08878332264626,-4.16927006673826,0,1,"she"
2.81620301314981,-1.22282598728229,0,1,"sheep"
1.7307152891513,0.605524044826123,0,1,"shh/shush/hush"
4.13081130529415,-0.583985597156181,0,1,"shirt"
3.59352124820367,3.12675834810341,0,1,"shoe"
3.96370580821211,-3.22373576585763,0,1,"shopping"
3.45060568447967,-2.2831401307586,0,1,"shorts"
3.28780333026995,-3.42430724994018,0,1,"shoulder"
3.22755632275897,-2.63154999344521,0,1,"shovel"
4.6754697029671,-4.82690578867178,0,1,"show"
3.70155215527834,-1.87554287016392,0,1,"shower"
3.95214052977899,-3.71246726594667,0,1,"sick"
4.09636991855876,-4.44332084236498,0,1,"sidewalk"
4.04663199833055,-2.37384942807331,0,1,"sing"
4.26515224351771,-3.14985002656809,0,1,"sink"
1.30100888403282,-1.38419911101301,0,1,"sister"
2.97810893518162,-0.513308901311814,0,1,"sit"
2.90454562472168,-4.63121133558732,0,1,"skate"
2.88043562724482,-1.58665489733661,0,1,"sky"
1.79486330298466,-2.62049405155802,0,1,"sled"
4.35490198431143,-1.46887623342067,0,1,"sleep"
3.05628990657149,-2.28820603663364,0,1,"sleepy"
3.45073185248867,-1.96169031365882,0,1,"slide (action)"
3.34729621692502,-1.15835886442986,0,1,"slide (object)"
2.50272053544602,-2.38447908664588,0,1,"slipper"
3.90764223060049,-4.95663575643854,0,1,"slow"
3.70312121930386,-3.58671706226762,0,1,"smile"
2.79880580440235,-1.41072400885502,0,1,"snack"
2.19661954534808,-3.14218632017567,0,1,"sneaker"
2.37694254300054,-1.68809906545106,0,1,"snow"
2.92175144002228,-3.08052224846781,0,1,"snowman"
2.29486399455959,-4.61231933778063,0,1,"snowsuit"
2.36826403086936,-4.35867549700833,0,1,"so"
2.04674559350402,-1.88396063595408,0,1,"so big!"
3.94655570081575,-1.11063144455432,0,1,"soap"
2.00819305936306,0.235109710134582,0,1,"sock"
1.58734919834742,-1.51253596460895,0,1,"soda/pop"
2.13018749430746,-3.32695322168777,0,1,"sofa"
3.27518057752533,-2.74413895849296,0,1,"soft"
2.89605460414001,-2.54450501451451,0,1,"some"
2.9763069689906,-1.98392838460895,0,1,"soup"
3.2111628760321,-1.83714872635731,0,1,"spaghetti"
4.42951288390843,-4.10290336413586,0,1,"spill"
3.42721721659652,-2.47193684113438,0,1,"splash"
3.41549582384182,0.536797520088565,0,1,"spoon"
2.97368000423661,-3.93439532117209,0,1,"sprinkler"
2.65916648571201,-1.81564439002043,0,1,"squirrel"
3.27258456564082,-2.11514146052,0,1,"stairs"
4.56554128189937,-4.04523596773412,0,1,"stand"
2.81916686626446,-0.761155933225936,0,1,"star"
3.52969330420669,-3.24171119130372,0,1,"stay"
3.30126745734285,-1.90126131473445,0,1,"stick"
3.25329829018369,-2.87240766718256,0,1,"sticky"
2.34758281043011,-3.59888619294073,0,1,"stone"
2.79832540890994,-0.811041665901139,0,1,"stop"
4.32434775003566,-2.0561331606786,0,1,"store"
3.50933870404722,-2.27165361035259,0,1,"story"
2.89843488421685,-2.56872337611855,0,1,"stove"
3.14909460658279,-1.65714864764224,0,1,"strawberry"
4.38952032116547,-3.38356658934838,0,1,"street"
2.61204766317629,-1.84113220395623,0,1,"stroller"
2.61503445726669,-2.0487464349963,0,1,"stuck"
3.83788996413338,-1.35729005951927,0,1,"sun"
2.14034421938654,-1.28532986109221,0,1,"sweater"
3.44888432678902,-3.09235151851094,0,1,"sweep"
3.72733498411163,-2.2905810324106,0,1,"swim"
3.22774574794493,-1.10755360111533,0,1,"swing (action)"
3.20338310161953,-0.489601598890224,0,1,"swing (object)"
5.00893984187107,-2.22069731871695,0,1,"table"
4.34434103232183,-4.24953738883762,0,1,"take"
4.24862014091275,-3.58664911607637,0,1,"talk"
3.5899225532421,-3.09672372620978,0,1,"tape"
3.81494761501094,-4.3608085732821,0,1,"taste"
2.78190032304643,-3.41317888090038,0,1,"teacher"
3.88128607217484,-5.52652832378104,0,1,"tear"
2.21524432649352,-0.702671638017401,0,1,"teddybear"
3.46577809201601,-0.0376719006536109,0,1,"telephone"
2.03736379723515,1.16560922825789,0,1,"thank you"
1.47872397750298,-0.573282573902709,0,1,"that"
2.96671502522071,-3.28067562423712,0,1,"the"
3.37293293907786,-6.33590841448438,0,1,"their"
3.25845931346014,-5.40074864684728,0,1,"them"
3.3151444956969,-6.06563673245962,0,1,"then"
2.37316524356903,-1.81081737436422,0,1,"there"
2.6940435724802,-3.54396350363856,0,1,"these"
3.95224642502961,-6.42649351452822,0,1,"they"
3.86441678870473,-5.85745005023963,0,1,"think"
3.37070119492796,-2.73512783546515,0,1,"thirsty"
1.59339836416926,-0.9308166191119,0,1,"this"
2.60960671051168,-2.45795378786474,0,1,"this little piggy"
3.07705779207769,-4.66484813211362,0,1,"those"
4.15510820904652,-2.4569689404813,0,1,"throw"
2.46240582285859,-0.869164104502513,0,1,"tickle"
2.94359413118152,-1.41634118776559,0,1,"tiger"
2.17564712221943,-3.75355750959712,0,1,"tights"
3.27247573674003,-5.2184960774165,0,1,"time"
3.20498606471689,-4.87145230165394,0,1,"tiny"
4.16290261316639,-3.35678440645278,0,1,"tired"
3.28006913228841,-2.13495194409533,0,1,"tissue/kleenex"
3.42580462029187,-3.80241025425303,0,1,"to"
2.6237517346329,-1.04138115212379,0,1,"toast"
3.78650348779673,-5.0123286938973,0,1,"today"
3.02987746009197,0.0144677127343565,0,1,"toe"
3.07690013646271,-4.10766142926526,0,1,"tomorrow"
3.16037587153154,-1.27217069287836,0,1,"tongue"
3.30991394823568,-5.28762947647271,0,1,"tonight"
2.80454053421753,-2.40075608922276,0,1,"too"
2.82074399540727,-0.294424096201272,0,1,"tooth"
3.56151996574708,-0.353785583830801,0,1,"toothbrush"
3.74489166529836,-3.02845322950302,0,1,"touch"
4.11483299345406,-1.50568067469102,0,1,"towel"
3.56257297557617,-0.327662967892834,0,1,"toy (object)"
1.92316408052233,-1.44324245604663,0,1,"tractor"
3.51131156255546,-0.0987236453197891,0,1,"train"
2.19427676203225,-1.279408317869,0,1,"trash"
2.93353973669332,-4.97058652094009,0,1,"tray"
3.17453228661218,0.45248592763214,0,1,"tree"
2.25691539748594,-3.06919721345377,0,1,"tricycle"
2.86865660634698,0.973788293109514,0,1,"truck"
3.01002028678444,-3.72480887278592,0,1,"try/try to"
3.64459467341295,-0.338984273693209,0,1,"tummy"
2.20805592270873,-3.41028022847154,0,1,"tuna"
2.55201890181062,-2.36509959584888,0,1,"turkey"
3.44911718686234,-3.01098556385215,0,1,"turn around"
3.05851977041705,-0.9158771106961,0,1,"turtle"
3.2810328837244,-0.430575794228556,0,1,"TV"
1.39706833923553,2.40435331402398,0,1,"uh oh"
2.47189824838852,-2.10587658867953,0,1,"uncle"
4.05948199685484,-3.94895246106934,0,1,"under"
2.70805020163979,-3.07883293449586,0,1,"underpants"
1.81154456525866,0.583566230657896,0,1,"up"
3.3046101578978,-6.08966271510351,0,1,"us"
2.80712429972008,-1.65165004864784,0,1,"vacuum"
1.4691188026782,-2.53919261131477,0,1,"vagina*"
3.00500308033472,-4.92181461647632,0,1,"vanilla"
2.04959691926852,-2.24798100962144,0,1,"vitamins"
0.928211286338991,0.613924794147342,0,1,"vroom"
3.01863139230884,-2.72255248188982,0,1,"wait"
4.08608523912236,-3.96118620257264,0,1,"wake"
3.58410850706407,-1.06484296335025,0,1,"walk"
2.17648330379183,-4.58904512611574,0,1,"walker"
2.46165781251893,-1.72699021411192,0,1,"wanna/want to"
3.65823561907941,-6.10477435137229,0,1,"was"
4.14842628326133,-1.96059966490181,0,1,"wash"
3.00431000630514,-3.01319810144946,0,1,"washing machine"
3.58871095065234,-2.90504212804301,0,1,"watch (action)"
2.86295742332145,-1.59735871088972,0,1,"watch (object)"
2.79761001978177,0.994389952641318,0,1,"water (beverage)"
3.33631182429024,0.845540359345576,0,1,"water (not beverage)"
3.25820972067834,-4.83808961448011,0,1,"we"
3.61284746540692,-7.02090286457718,0,1,"were"
3.74365827593208,-1.02446164335984,0,1,"wet"
1.73725567860729,-0.823536662526123,0,1,"what"
3.38901681838474,-5.83225259554411,0,1,"when"
2.54208455150678,-1.94673817616493,0,1,"where"
2.99214033646757,-6.03120347405484,0,1,"which"
3.04161941006567,-3.0140063319049,0,1,"white"
2.4930469235841,-2.98182065280651,0,1,"who"
2.03028120800172,-2.43343411721666,0,1,"why"
3.52046745872947,-5.55114552116879,0,1,"will"
3.50353108220095,-2.9419130213547,0,1,"wind"
3.44183960461117,-2.28748384964802,0,1,"window"
3.32823206594176,-3.43114674137165,0,1,"windy"
3.47202767104841,-2.7823360708006,0,1,"wipe"
3.3947813881313,-6.32734545845395,0,1,"wish"
4.09086874546068,-4.75478357183758,0,1,"with"
2.24929326782591,-2.84249504088722,0,1,"wolf"
2.8027821255021,-5.13011764487648,0,1,"woods"
1.46406404633938,1.59781818135949,0,1,"woof woof"
3.42878552614786,-2.30397373053121,0,1,"work (action)"
3.6248661811368,-1.84615987130111,0,1,"work (place)"
3.42334681415939,-7.1582999818042,0,1,"would"
3.15958542844386,-3.17251177072643,0,1,"write"
3.38955014371447,-3.6850198773258,0,1,"yard"
2.48215320203219,-1.37821404197442,0,1,"yellow"
2.10074282915661,1.09119518689449,0,1,"yes"
3.37904456143618,-6.14139921184667,0,1,"yesterday"
2.28940752291323,-0.994838442210657,0,1,"yogurt"
2.64540709287374,-1.40720005538529,0,1,"you"
3.16379463755974,-4.29764847360788,0,1,"your"
3.02697605434567,-6.33185045348903,0,1,"yourself"
1.87112111649162,-0.300237839297116,0,1,"yucky"
0.99678282556894,0.809620339391912,0,1,"yum yum"
2.83302864198764,-1.946872660678,0,1,"zebra"
3.34076961159468,-2.15147845834334,0,1,"zipper"
2.66623765926794,-2.16679140934075,0,1,"zoo"
